<appDefinition>
   <id>claimApp</id>
   <version>1</version>
   <name>Claim App</name>
   <dateCreated class="java.sql.Timestamp">2012-08-31 00:15:00.0 GMT</dateCreated>
   <dateModified class="java.sql.Timestamp">2012-08-31 07:34:52.0 GMT</dateModified>
   <packageDefinitionList class="java.util.ArrayList">
      <packageDefinition>
         <appId>claimApp</appId>
         <id>claimApp</id>
         <version>5</version>
         <name>Claim App</name>
         <dateCreated class="java.sql.Timestamp">2012-08-30 16:15:02.0 GMT</dateCreated>
         <dateModified class="java.sql.Timestamp">2012-08-31 08:51:38.0 GMT</dateModified>
         <packageActivityFormMap class="java.util.HashMap">
            <entry>
               <string>claimProcess::verifyApplication</string>
               <packageActivityForm>
                  <processDefId>claimProcess</processDefId>
                  <activityDefId>verifyApplication</activityDefId>
                  <formId>verify_claim</formId>
                  <type>SINGLE</type>
                  <autoContinue>false</autoContinue>
               </packageActivityForm>
            </entry>
            <entry>
               <string>claimProcess::runProcess</string>
               <packageActivityForm>
                  <processDefId>claimProcess</processDefId>
                  <activityDefId>runProcess</activityDefId>
                  <formId>submit_claim</formId>
                  <type>SINGLE</type>
                  <autoContinue>true</autoContinue>
               </packageActivityForm>
            </entry>
            <entry>
               <string>claimProcess::approveApplicationByFinance</string>
               <packageActivityForm>
                  <processDefId>claimProcess</processDefId>
                  <activityDefId>approveApplicationByFinance</activityDefId>
                  <formId>approve_claim</formId>
                  <type>SINGLE</type>
                  <autoContinue>false</autoContinue>
               </packageActivityForm>
            </entry>
            <entry>
               <string>claimProcess::summissionReceiptWithRefNumber</string>
               <packageActivityForm>
                  <processDefId>claimProcess</processDefId>
                  <activityDefId>summissionReceiptWithRefNumber</activityDefId>
                  <formId>claim_submitted</formId>
                  <type>SINGLE</type>
                  <autoContinue>false</autoContinue>
               </packageActivityForm>
            </entry>
            <entry>
               <string>claimProcess::approveApplication</string>
               <packageActivityForm>
                  <processDefId>claimProcess</processDefId>
                  <activityDefId>approveApplication</activityDefId>
                  <formId>approve_claim</formId>
                  <type>SINGLE</type>
                  <autoContinue>false</autoContinue>
               </packageActivityForm>
            </entry>
         </packageActivityFormMap>
         <packageActivityPluginMap class="java.util.HashMap"/>
         <packageParticipantMap class="java.util.HashMap">
            <entry>
               <string>claimProcess::manager</string>
               <packageParticipant>
                  <processDefId>claimProcess</processDefId>
                  <participantId>manager</participantId>
                  <type>user</type>
                  <value>cat</value>
               </packageParticipant>
            </entry>
            <entry>
               <string>claimProcess::financeManager</string>
               <packageParticipant>
                  <processDefId>claimProcess</processDefId>
                  <participantId>financeManager</participantId>
                  <type>user</type>
                  <value>clark</value>
               </packageParticipant>
            </entry>
            <entry>
               <string>claimProcess::applicant</string>
               <packageParticipant>
                  <processDefId>claimProcess</processDefId>
                  <participantId>applicant</participantId>
                  <type>requester</type>
                  <value>runProcess</value>
               </packageParticipant>
            </entry>
            <entry>
               <string>claimProcess::financeClient</string>
               <packageParticipant>
                  <processDefId>claimProcess</processDefId>
                  <participantId>financeClient</participantId>
                  <type>user</type>
                  <value>clark</value>
               </packageParticipant>
            </entry>
         </packageParticipantMap>
      </packageDefinition>
   </packageDefinitionList>
   <formDefinitionList class="java.util.ArrayList">
      <formDefinition>
         <id>approve_claim</id>
         <appId>claimApp</appId>
         <appVersion>1</appVersion>
         <name>Approve Claim</name>
         <tableName>claims</tableName>
         <json>{&quot;className&quot;:&quot;org.joget.apps.form.model.Form&quot;,&quot;properties&quot;:{&quot;id&quot;:&quot;approve_claim&quot;,&quot;loadBinder&quot;:{&quot;className&quot;:&quot;org.joget.apps.form.lib.WorkflowFormBinder&quot;},&quot;tableName&quot;:&quot;claims&quot;,&quot;name&quot;:&quot;Approve Claim&quot;,&quot;storeBinder&quot;:{&quot;className&quot;:&quot;org.joget.apps.form.lib.WorkflowFormBinder&quot;},&quot;elementUniqueKey&quot;:&quot;21&quot;},&quot;elements&quot;:[{&quot;elements&quot;:[{&quot;elements&quot;:[{&quot;className&quot;:&quot;org.joget.apps.form.lib.SubForm&quot;,&quot;properties&quot;:{&quot;id&quot;:&quot;field1&quot;,&quot;formDefId&quot;:&quot;submit_claim&quot;,&quot;loadBinder&quot;:{&quot;className&quot;:&quot;org.joget.apps.form.lib.WorkflowFormBinder&quot;,&quot;properties&quot;:&quot;{}&quot;},&quot;subFormParentId&quot;:&quot;&quot;,&quot;storeBinder&quot;:{&quot;className&quot;:&quot;org.joget.apps.form.lib.WorkflowFormBinder&quot;,&quot;properties&quot;:&quot;{}&quot;},&quot;label&quot;:&quot;&quot;,&quot;parentSubFormId&quot;:&quot;&quot;,&quot;readonly&quot;:&quot;true&quot;,&quot;elementUniqueKey&quot;:&quot;22&quot;}},{&quot;className&quot;:&quot;org.joget.apps.form.lib.Radio&quot;,&quot;properties&quot;:{&quot;id&quot;:&quot;approval_status&quot;,&quot;workflowVariable&quot;:&quot;status&quot;,&quot;optionsBinder&quot;:{&quot;className&quot;:&quot;&quot;,&quot;properties&quot;:&quot;{}&quot;},&quot;validator&quot;:{&quot;className&quot;:&quot;&quot;,&quot;properties&quot;:&quot;{}&quot;},&quot;controlField&quot;:&quot;&quot;,&quot;value&quot;:&quot;&quot;,&quot;label&quot;:&quot;Approval&quot;,&quot;readonly&quot;:&quot;&quot;,&quot;options&quot;:[{&quot;grouping&quot;:&quot;&quot;,&quot;value&quot;:&quot;Approved&quot;,&quot;label&quot;:&quot;Approved&quot;},{&quot;grouping&quot;:&quot;&quot;,&quot;value&quot;:&quot;Rejected&quot;,&quot;label&quot;:&quot;Rejected&quot;}],&quot;elementUniqueKey&quot;:&quot;68&quot;}},{&quot;className&quot;:&quot;org.joget.apps.form.lib.TextArea&quot;,&quot;properties&quot;:{&quot;id&quot;:&quot;manager_remarks&quot;,&quot;workflowVariable&quot;:&quot;&quot;,&quot;cols&quot;:&quot;20&quot;,&quot;validator&quot;:{&quot;className&quot;:&quot;&quot;,&quot;properties&quot;:&quot;{}&quot;},&quot;value&quot;:&quot;&quot;,&quot;label&quot;:&quot;Remarks&quot;,&quot;readonly&quot;:&quot;&quot;,&quot;rows&quot;:&quot;5&quot;,&quot;elementUniqueKey&quot;:&quot;69&quot;}}],&quot;className&quot;:&quot;org.joget.apps.form.model.Column&quot;,&quot;properties&quot;:{&quot;width&quot;:&quot;99%&quot;}}],&quot;className&quot;:&quot;org.joget.apps.form.model.Section&quot;,&quot;properties&quot;:{&quot;id&quot;:&quot;section1&quot;,&quot;label&quot;:&quot;Approve Claim&quot;,&quot;loadBinder&quot;:{&quot;className&quot;:&quot;&quot;,&quot;properties&quot;:{}},&quot;storeBinder&quot;:{&quot;className&quot;:&quot;&quot;,&quot;properties&quot;:{}},&quot;visibilityControl&quot;:&quot;&quot;,&quot;visibilityValue&quot;:&quot;&quot;,&quot;regex&quot;:&quot;&quot;}}]}</json>
         <dateCreated class="java.sql.Timestamp">2012-08-31 06:52:16.0 GMT</dateCreated>
         <dateModified class="java.sql.Timestamp">2012-08-31 06:59:02.0 GMT</dateModified>
      </formDefinition>
      <formDefinition>
         <id>claim_items</id>
         <appId>claimApp</appId>
         <appVersion>1</appVersion>
         <name>Claim Item</name>
         <tableName>claim_items</tableName>
         <json>{&quot;className&quot;:&quot;org.joget.apps.form.model.Form&quot;,&quot;properties&quot;:{&quot;id&quot;:&quot;claim_items&quot;,&quot;loadBinder&quot;:{&quot;className&quot;:&quot;org.joget.apps.form.lib.WorkflowFormBinder&quot;},&quot;tableName&quot;:&quot;claim_items&quot;,&quot;name&quot;:&quot;Claim Item&quot;,&quot;storeBinder&quot;:{&quot;className&quot;:&quot;org.joget.apps.form.lib.WorkflowFormBinder&quot;},&quot;elementUniqueKey&quot;:&quot;1037&quot;},&quot;elements&quot;:[{&quot;elements&quot;:[{&quot;elements&quot;:[{&quot;className&quot;:&quot;org.joget.apps.form.lib.DatePicker&quot;,&quot;properties&quot;:{&quot;id&quot;:&quot;date&quot;,&quot;workflowVariable&quot;:&quot;&quot;,&quot;validator&quot;:{&quot;className&quot;:&quot;org.joget.apps.form.lib.DefaultValidator&quot;,&quot;properties&quot;:{&quot;message&quot;:&quot;&quot;,&quot;mandatory&quot;:&quot;true&quot;,&quot;custom-regex&quot;:&quot;&quot;,&quot;type&quot;:&quot;&quot;}},&quot;value&quot;:&quot;&quot;,&quot;label&quot;:&quot;Date&quot;,&quot;format&quot;:&quot;yy-mm-dd&quot;,&quot;readonly&quot;:&quot;&quot;,&quot;elementUniqueKey&quot;:&quot;1057&quot;}},{&quot;className&quot;:&quot;org.joget.apps.form.lib.TextField&quot;,&quot;properties&quot;:{&quot;id&quot;:&quot;purpose&quot;,&quot;workflowVariable&quot;:&quot;&quot;,&quot;maxlength&quot;:&quot;&quot;,&quot;validator&quot;:{&quot;className&quot;:&quot;org.joget.apps.form.lib.DefaultValidator&quot;,&quot;properties&quot;:{&quot;message&quot;:&quot;&quot;,&quot;mandatory&quot;:&quot;true&quot;,&quot;custom-regex&quot;:&quot;&quot;,&quot;type&quot;:&quot;&quot;}},&quot;value&quot;:&quot;&quot;,&quot;label&quot;:&quot;Purpose&quot;,&quot;readonly&quot;:&quot;&quot;,&quot;elementUniqueKey&quot;:&quot;1054&quot;,&quot;size&quot;:&quot;&quot;}},{&quot;className&quot;:&quot;org.joget.apps.form.lib.TextField&quot;,&quot;properties&quot;:{&quot;id&quot;:&quot;amount&quot;,&quot;workflowVariable&quot;:&quot;&quot;,&quot;maxlength&quot;:&quot;&quot;,&quot;validator&quot;:{&quot;className&quot;:&quot;org.joget.apps.form.lib.DefaultValidator&quot;,&quot;properties&quot;:{&quot;message&quot;:&quot;&quot;,&quot;mandatory&quot;:&quot;true&quot;,&quot;custom-regex&quot;:&quot;&quot;,&quot;type&quot;:&quot;numeric&quot;}},&quot;value&quot;:&quot;&quot;,&quot;label&quot;:&quot;Amount&quot;,&quot;readonly&quot;:&quot;&quot;,&quot;elementUniqueKey&quot;:&quot;1055&quot;,&quot;size&quot;:&quot;&quot;}},{&quot;className&quot;:&quot;org.joget.apps.form.lib.HiddenField&quot;,&quot;properties&quot;:{&quot;id&quot;:&quot;claim_id&quot;,&quot;workflowVariable&quot;:&quot;&quot;,&quot;value&quot;:&quot;&quot;,&quot;elementUniqueKey&quot;:&quot;1056&quot;}}],&quot;className&quot;:&quot;org.joget.apps.form.model.Column&quot;,&quot;properties&quot;:{&quot;width&quot;:&quot;99%&quot;,&quot;elementUniqueKey&quot;:&quot;1048&quot;}}],&quot;className&quot;:&quot;org.joget.apps.form.model.Section&quot;,&quot;properties&quot;:{&quot;id&quot;:&quot;section1&quot;,&quot;loadBinder&quot;:{&quot;className&quot;:&quot;&quot;,&quot;properties&quot;:&quot;{}&quot;},&quot;visibilityControl&quot;:&quot;&quot;,&quot;regex&quot;:&quot;&quot;,&quot;visibilityValue&quot;:&quot;&quot;,&quot;storeBinder&quot;:{&quot;className&quot;:&quot;&quot;,&quot;properties&quot;:&quot;{}&quot;},&quot;label&quot;:&quot;Claim Item&quot;,&quot;elementUniqueKey&quot;:&quot;1038&quot;}}]}</json>
         <dateCreated class="java.sql.Timestamp">2012-08-31 03:30:59.0 GMT</dateCreated>
         <dateModified class="java.sql.Timestamp">2012-08-31 07:23:08.0 GMT</dateModified>
      </formDefinition>
      <formDefinition>
         <id>claim_submitted</id>
         <appId>claimApp</appId>
         <appVersion>1</appVersion>
         <name>Claim Submitted</name>
         <tableName>claims</tableName>
         <json>{&quot;className&quot;:&quot;org.joget.apps.form.model.Form&quot;,&quot;properties&quot;:{&quot;id&quot;:&quot;claim_submitted&quot;,&quot;loadBinder&quot;:{&quot;className&quot;:&quot;org.joget.apps.form.lib.WorkflowFormBinder&quot;},&quot;tableName&quot;:&quot;claims&quot;,&quot;name&quot;:&quot;Claim Submitted&quot;,&quot;storeBinder&quot;:{&quot;className&quot;:&quot;org.joget.apps.form.lib.WorkflowFormBinder&quot;},&quot;elementUniqueKey&quot;:&quot;374&quot;},&quot;elements&quot;:[{&quot;elements&quot;:[{&quot;elements&quot;:[{&quot;className&quot;:&quot;org.joget.apps.form.lib.CustomHTML&quot;,&quot;properties&quot;:{&quot;id&quot;:&quot;field1&quot;,&quot;validator&quot;:{&quot;className&quot;:&quot;&quot;,&quot;properties&quot;:&quot;{}&quot;},&quot;value&quot;:&quot;Your claim has been submitted. Please take note of the reference number below.&quot;,&quot;label&quot;:&quot;&quot;,&quot;elementUniqueKey&quot;:&quot;375&quot;}},{&quot;className&quot;:&quot;org.joget.apps.form.lib.IdGeneratorField&quot;,&quot;properties&quot;:{&quot;id&quot;:&quot;reference_no&quot;,&quot;workflowVariable&quot;:&quot;&quot;,&quot;label&quot;:&quot;Referece No&quot;,&quot;format&quot;:&quot;??????&quot;,&quot;envVariable&quot;:&quot;counter&quot;,&quot;elementUniqueKey&quot;:&quot;376&quot;}}],&quot;className&quot;:&quot;org.joget.apps.form.model.Column&quot;,&quot;properties&quot;:{&quot;width&quot;:&quot;99%&quot;}}],&quot;className&quot;:&quot;org.joget.apps.form.model.Section&quot;,&quot;properties&quot;:{&quot;id&quot;:&quot;section1&quot;,&quot;label&quot;:&quot;Claim Submitted&quot;,&quot;loadBinder&quot;:{&quot;className&quot;:&quot;&quot;,&quot;properties&quot;:{}},&quot;storeBinder&quot;:{&quot;className&quot;:&quot;&quot;,&quot;properties&quot;:{}},&quot;visibilityControl&quot;:&quot;&quot;,&quot;visibilityValue&quot;:&quot;&quot;,&quot;regex&quot;:&quot;&quot;}}]}</json>
         <dateCreated class="java.sql.Timestamp">2012-08-31 07:04:14.0 GMT</dateCreated>
         <dateModified class="java.sql.Timestamp">2012-08-31 07:07:25.0 GMT</dateModified>
      </formDefinition>
      <formDefinition>
         <id>submit_claim</id>
         <appId>claimApp</appId>
         <appVersion>1</appVersion>
         <name>Submit Claim</name>
         <tableName>claims</tableName>
         <json>{&quot;className&quot;:&quot;org.joget.apps.form.model.Form&quot;,&quot;properties&quot;:{&quot;id&quot;:&quot;submit_claim&quot;,&quot;loadBinder&quot;:{&quot;className&quot;:&quot;org.joget.apps.form.lib.WorkflowFormBinder&quot;},&quot;tableName&quot;:&quot;claims&quot;,&quot;name&quot;:&quot;Submit Claim&quot;,&quot;storeBinder&quot;:{&quot;className&quot;:&quot;org.joget.apps.form.lib.WorkflowFormBinder&quot;},&quot;elementUniqueKey&quot;:&quot;4616&quot;},&quot;elements&quot;:[{&quot;elements&quot;:[{&quot;elements&quot;:[{&quot;className&quot;:&quot;org.joget.apps.form.lib.IdGeneratorField&quot;,&quot;properties&quot;:{&quot;id&quot;:&quot;reference_no&quot;,&quot;workflowVariable&quot;:&quot;&quot;,&quot;label&quot;:&quot;Reference No&quot;,&quot;format&quot;:&quot;??????&quot;,&quot;envVariable&quot;:&quot;counter&quot;,&quot;elementUniqueKey&quot;:&quot;4632&quot;}},{&quot;className&quot;:&quot;org.joget.apps.form.lib.TextField&quot;,&quot;properties&quot;:{&quot;id&quot;:&quot;title&quot;,&quot;workflowVariable&quot;:&quot;&quot;,&quot;maxlength&quot;:&quot;&quot;,&quot;validator&quot;:{&quot;className&quot;:&quot;&quot;,&quot;properties&quot;:&quot;{}&quot;},&quot;value&quot;:&quot;&quot;,&quot;label&quot;:&quot;Title&quot;,&quot;readonly&quot;:&quot;&quot;,&quot;elementUniqueKey&quot;:&quot;4633&quot;,&quot;size&quot;:&quot;&quot;}},{&quot;className&quot;:&quot;org.joget.apps.form.lib.TextField&quot;,&quot;properties&quot;:{&quot;id&quot;:&quot;name&quot;,&quot;workflowVariable&quot;:&quot;&quot;,&quot;maxlength&quot;:&quot;&quot;,&quot;validator&quot;:{&quot;className&quot;:&quot;&quot;,&quot;properties&quot;:&quot;{}&quot;},&quot;value&quot;:&quot;#currentUser.firstName# #currentUser.lastName#&quot;,&quot;label&quot;:&quot;Name&quot;,&quot;readonly&quot;:&quot;&quot;,&quot;elementUniqueKey&quot;:&quot;4634&quot;,&quot;size&quot;:&quot;&quot;}},{&quot;className&quot;:&quot;org.joget.apps.form.lib.TextField&quot;,&quot;properties&quot;:{&quot;id&quot;:&quot;contact_number&quot;,&quot;workflowVariable&quot;:&quot;&quot;,&quot;maxlength&quot;:&quot;&quot;,&quot;validator&quot;:{&quot;className&quot;:&quot;&quot;,&quot;properties&quot;:&quot;{}&quot;},&quot;value&quot;:&quot;&quot;,&quot;label&quot;:&quot;Contact Number&quot;,&quot;readonly&quot;:&quot;&quot;,&quot;elementUniqueKey&quot;:&quot;4635&quot;,&quot;size&quot;:&quot;&quot;}}],&quot;className&quot;:&quot;org.joget.apps.form.model.Column&quot;,&quot;properties&quot;:{&quot;width&quot;:&quot;99%&quot;,&quot;elementUniqueKey&quot;:&quot;4627&quot;}}],&quot;className&quot;:&quot;org.joget.apps.form.model.Section&quot;,&quot;properties&quot;:{&quot;id&quot;:&quot;section1&quot;,&quot;loadBinder&quot;:{&quot;className&quot;:&quot;&quot;,&quot;properties&quot;:&quot;{}&quot;},&quot;visibilityControl&quot;:&quot;&quot;,&quot;regex&quot;:&quot;&quot;,&quot;visibilityValue&quot;:&quot;&quot;,&quot;storeBinder&quot;:{&quot;className&quot;:&quot;&quot;,&quot;properties&quot;:&quot;{}&quot;},&quot;label&quot;:&quot;Claim Details&quot;,&quot;elementUniqueKey&quot;:&quot;4617&quot;}},{&quot;elements&quot;:[{&quot;elements&quot;:[{&quot;className&quot;:&quot;org.joget.plugin.enterprise.FormGrid&quot;,&quot;properties&quot;:{&quot;errorMessage&quot;:&quot;Invalid number of rows.&quot;,&quot;formDefId&quot;:&quot;claim_items&quot;,&quot;submit-label-readonly&quot;:&quot;Close&quot;,&quot;validateMinRow&quot;:&quot;&quot;,&quot;submit-label-normal&quot;:&quot;Submit&quot;,&quot;storeBinder&quot;:{&quot;className&quot;:&quot;org.joget.plugin.enterprise.MultirowFormBinder&quot;,&quot;properties&quot;:{&quot;formDefId&quot;:&quot;claim_items&quot;,&quot;foreignKey&quot;:&quot;claim_id&quot;}},&quot;label&quot;:&quot;&quot;,&quot;validateMaxRow&quot;:&quot;&quot;,&quot;id&quot;:&quot;items&quot;,&quot;sortField&quot;:&quot;date&quot;,&quot;loadBinder&quot;:{&quot;className&quot;:&quot;org.joget.plugin.enterprise.MultirowFormBinder&quot;,&quot;properties&quot;:{&quot;formDefId&quot;:&quot;claim_items&quot;,&quot;foreignKey&quot;:&quot;claim_id&quot;}},&quot;enableSorting&quot;:&quot;&quot;,&quot;readonly&quot;:&quot;&quot;,&quot;options&quot;:[{&quot;formatType&quot;:&quot;date&quot;,&quot;width&quot;:&quot;&quot;,&quot;value&quot;:&quot;date&quot;,&quot;label&quot;:&quot;Date&quot;,&quot;format&quot;:&quot;yy-mm-dd&quot;},{&quot;formatType&quot;:&quot;text&quot;,&quot;width&quot;:&quot;&quot;,&quot;value&quot;:&quot;purpose&quot;,&quot;label&quot;:&quot;Purpose&quot;,&quot;format&quot;:&quot;&quot;},{&quot;formatType&quot;:&quot;decimal&quot;,&quot;width&quot;:&quot;&quot;,&quot;value&quot;:&quot;amount&quot;,&quot;label&quot;:&quot;Amount&quot;,&quot;format&quot;:&quot;2&quot;}],&quot;elementUniqueKey&quot;:&quot;4663&quot;}},{&quot;className&quot;:&quot;org.joget.plugin.enterprise.CalculationField&quot;,&quot;properties&quot;:{&quot;numOfDecimal&quot;:&quot;2&quot;,&quot;validator&quot;:{&quot;className&quot;:&quot;&quot;,&quot;properties&quot;:&quot;{}&quot;},&quot;label&quot;:&quot;Total&quot;,&quot;variables&quot;:[{&quot;operation&quot;:&quot;sum&quot;,&quot;variableName&quot;:&quot;x&quot;,&quot;fieldId&quot;:&quot;items.amount&quot;}],&quot;id&quot;:&quot;total&quot;,&quot;workflowVariable&quot;:&quot;amount&quot;,&quot;postfix&quot;:&quot;&quot;,&quot;useThousandSeparator&quot;:&quot;&quot;,&quot;style&quot;:&quot;us&quot;,&quot;equation&quot;:&quot;x&quot;,&quot;hidden&quot;:&quot;&quot;,&quot;prefix&quot;:&quot;&quot;,&quot;elementUniqueKey&quot;:&quot;4685&quot;}}],&quot;className&quot;:&quot;org.joget.apps.form.model.Column&quot;,&quot;properties&quot;:{&quot;width&quot;:&quot;99%&quot;,&quot;elementUniqueKey&quot;:&quot;4640&quot;}}],&quot;className&quot;:&quot;org.joget.apps.form.model.Section&quot;,&quot;properties&quot;:{&quot;id&quot;:&quot;section2&quot;,&quot;loadBinder&quot;:{&quot;className&quot;:&quot;&quot;,&quot;properties&quot;:&quot;{}&quot;},&quot;visibilityControl&quot;:&quot;&quot;,&quot;regex&quot;:&quot;&quot;,&quot;visibilityValue&quot;:&quot;&quot;,&quot;storeBinder&quot;:{&quot;className&quot;:&quot;&quot;,&quot;properties&quot;:&quot;{}&quot;},&quot;label&quot;:&quot;Claim Items&quot;,&quot;elementUniqueKey&quot;:&quot;4636&quot;}}]}</json>
         <dateCreated class="java.sql.Timestamp">2012-08-31 03:42:09.0 GMT</dateCreated>
         <dateModified class="java.sql.Timestamp">2012-08-31 08:01:38.0 GMT</dateModified>
      </formDefinition>
      <formDefinition>
         <id>verify_claim</id>
         <appId>claimApp</appId>
         <appVersion>1</appVersion>
         <name>Verify Claim</name>
         <tableName>claims</tableName>
         <json>{&quot;className&quot;:&quot;org.joget.apps.form.model.Form&quot;,&quot;properties&quot;:{&quot;id&quot;:&quot;verify_claim&quot;,&quot;loadBinder&quot;:{&quot;className&quot;:&quot;org.joget.apps.form.lib.WorkflowFormBinder&quot;},&quot;tableName&quot;:&quot;claims&quot;,&quot;name&quot;:&quot;Verify Claim&quot;,&quot;storeBinder&quot;:{&quot;className&quot;:&quot;org.joget.apps.form.lib.WorkflowFormBinder&quot;},&quot;elementUniqueKey&quot;:&quot;145&quot;},&quot;elements&quot;:[{&quot;elements&quot;:[{&quot;elements&quot;:[{&quot;className&quot;:&quot;org.joget.apps.form.lib.SubForm&quot;,&quot;properties&quot;:{&quot;id&quot;:&quot;field1&quot;,&quot;formDefId&quot;:&quot;approve_claim&quot;,&quot;loadBinder&quot;:{&quot;className&quot;:&quot;org.joget.apps.form.lib.WorkflowFormBinder&quot;,&quot;properties&quot;:&quot;{}&quot;},&quot;subFormParentId&quot;:&quot;&quot;,&quot;storeBinder&quot;:{&quot;className&quot;:&quot;org.joget.apps.form.lib.WorkflowFormBinder&quot;,&quot;properties&quot;:&quot;{}&quot;},&quot;label&quot;:&quot;&quot;,&quot;parentSubFormId&quot;:&quot;&quot;,&quot;readonly&quot;:&quot;true&quot;,&quot;elementUniqueKey&quot;:&quot;146&quot;}},{&quot;className&quot;:&quot;org.joget.apps.form.lib.Radio&quot;,&quot;properties&quot;:{&quot;id&quot;:&quot;verification_status&quot;,&quot;workflowVariable&quot;:&quot;verify&quot;,&quot;optionsBinder&quot;:{&quot;className&quot;:&quot;&quot;,&quot;properties&quot;:&quot;{}&quot;},&quot;validator&quot;:{&quot;className&quot;:&quot;&quot;,&quot;properties&quot;:&quot;{}&quot;},&quot;controlField&quot;:&quot;&quot;,&quot;value&quot;:&quot;&quot;,&quot;label&quot;:&quot;Verification&quot;,&quot;readonly&quot;:&quot;&quot;,&quot;options&quot;:[{&quot;grouping&quot;:&quot;&quot;,&quot;value&quot;:&quot;Verified&quot;,&quot;label&quot;:&quot;Verified&quot;},{&quot;grouping&quot;:&quot;&quot;,&quot;value&quot;:&quot;Rejected&quot;,&quot;label&quot;:&quot;Rejected&quot;}],&quot;elementUniqueKey&quot;:&quot;206&quot;}},{&quot;className&quot;:&quot;org.joget.apps.form.lib.TextArea&quot;,&quot;properties&quot;:{&quot;id&quot;:&quot;finance_remarks&quot;,&quot;workflowVariable&quot;:&quot;&quot;,&quot;cols&quot;:&quot;20&quot;,&quot;validator&quot;:{&quot;className&quot;:&quot;&quot;,&quot;properties&quot;:&quot;{}&quot;},&quot;value&quot;:&quot;&quot;,&quot;label&quot;:&quot;Finance Remarks&quot;,&quot;readonly&quot;:&quot;&quot;,&quot;rows&quot;:&quot;5&quot;,&quot;elementUniqueKey&quot;:&quot;207&quot;}}],&quot;className&quot;:&quot;org.joget.apps.form.model.Column&quot;,&quot;properties&quot;:{&quot;width&quot;:&quot;99%&quot;}}],&quot;className&quot;:&quot;org.joget.apps.form.model.Section&quot;,&quot;properties&quot;:{&quot;id&quot;:&quot;section1&quot;,&quot;label&quot;:&quot;Verify Claim&quot;,&quot;loadBinder&quot;:{&quot;className&quot;:&quot;&quot;,&quot;properties&quot;:{}},&quot;storeBinder&quot;:{&quot;className&quot;:&quot;&quot;,&quot;properties&quot;:{}},&quot;visibilityControl&quot;:&quot;&quot;,&quot;visibilityValue&quot;:&quot;&quot;,&quot;regex&quot;:&quot;&quot;}}]}</json>
         <dateCreated class="java.sql.Timestamp">2012-08-31 07:00:07.0 GMT</dateCreated>
         <dateModified class="java.sql.Timestamp">2012-08-31 07:03:33.0 GMT</dateModified>
      </formDefinition>
   </formDefinitionList>
   <userviewDefinitionList class="java.util.ArrayList">
      <userviewDefinition>
         <id>claimPortal</id>
         <appId>claimApp</appId>
         <appVersion>1</appVersion>
         <name>Claim Portal</name>
         <description></description>
         <json>{&quot;className&quot;:&quot;org.joget.apps.userview.model.Userview&quot;,&quot;properties&quot;:{&quot;id&quot;:&quot;claimPortal&quot;,&quot;name&quot;:&quot;Claim Portal&quot;,&quot;description&quot;:&quot;&quot;,&quot;welcomeMessage&quot;:&quot;#date.EEE, d MMM yyyy#&quot;,&quot;logoutText&quot;:&quot;Logout&quot;,&quot;footerMessage&quot;:&quot;Powered by Joget&quot;},&quot;setting&quot;:{&quot;properties&quot;:{&quot;theme&quot;:{&quot;className&quot;:&quot;org.joget.apps.userview.lib.DefaultTheme&quot;,&quot;properties&quot;:{&quot;css&quot;:&quot;#header {\n    background: url(\&quot;http:\/\/www.sipa.or.th\/images\/design2011\/02\/logo.jpg\&quot;) no-repeat scroll 330px 20px transparent;\n}&quot;,&quot;js&quot;:&quot;&quot;,&quot;customHeader&quot;:&quot;&quot;,&quot;customFooter&quot;:&quot;&quot;,&quot;pageTop&quot;:&quot;&quot;,&quot;pageBottom&quot;:&quot;&quot;,&quot;beforeContent&quot;:&quot;&quot;}},&quot;permission&quot;:{&quot;className&quot;:&quot;&quot;,&quot;properties&quot;:{}},&quot;loginPageTop&quot;:&quot;&quot;,&quot;loginPageBottom&quot;:&quot;&quot;}},&quot;categories&quot;:[{&quot;className&quot;:&quot;org.joget.apps.userview.model.UserviewCategory&quot;,&quot;properties&quot;:{&quot;id&quot;:&quot;category-C231EBC12AB7441E98EA6265271BF3F1&quot;,&quot;label&quot;:&quot;Home&quot;},&quot;menus&quot;:[{&quot;className&quot;:&quot;org.joget.apps.userview.lib.HtmlPage&quot;,&quot;properties&quot;:{&quot;id&quot;:&quot;E1A5F753DEE74B428EFDEF7BDE2077A5&quot;,&quot;customId&quot;:&quot;&quot;,&quot;label&quot;:&quot;Home&quot;,&quot;content&quot;:&quot;&lt;p&gt;&lt;span style=\&quot;font-size: large;\&quot;&gt;Welcome to Claim Portal&lt;\/span&gt;&lt;\/p&gt;&quot;}}]},{&quot;className&quot;:&quot;org.joget.apps.userview.model.UserviewCategory&quot;,&quot;properties&quot;:{&quot;id&quot;:&quot;category-D4A3BB9228074548A2C497EBEE0768C7&quot;,&quot;label&quot;:&quot;Claims&quot;},&quot;menus&quot;:[{&quot;className&quot;:&quot;org.joget.apps.userview.lib.RunProcess&quot;,&quot;properties&quot;:{&quot;id&quot;:&quot;D4BA3AA40769495F80DFA012AB2D6C1A&quot;,&quot;customId&quot;:&quot;&quot;,&quot;label&quot;:&quot;Submit New Claim&quot;,&quot;processDefId&quot;:&quot;claimProcess&quot;,&quot;runProcessDirectly&quot;:&quot;Yes&quot;,&quot;showInPopupDialog&quot;:&quot;&quot;,&quot;messageShowAfterComplete&quot;:&quot;&quot;,&quot;redirectUrlAfterComplete&quot;:&quot;&quot;,&quot;keyName&quot;:&quot;&quot;}},{&quot;className&quot;:&quot;org.joget.apps.userview.lib.InboxMenu&quot;,&quot;properties&quot;:{&quot;id&quot;:&quot;263407082DEF4199997774464C5ABE08&quot;,&quot;customId&quot;:&quot;&quot;,&quot;label&quot;:&quot;My Inbox&quot;,&quot;appFilter&quot;:&quot;all&quot;,&quot;processId&quot;:&quot;&quot;,&quot;rowCount&quot;:&quot;&quot;,&quot;buttonPosition&quot;:&quot;bottomLeft&quot;,&quot;list-customHeader&quot;:&quot;&quot;,&quot;list-customFooter&quot;:&quot;&quot;,&quot;assignment-customHeader&quot;:&quot;&quot;,&quot;assignment-customFooter&quot;:&quot;&quot;}},{&quot;className&quot;:&quot;org.joget.plugin.enterprise.DataListInboxMenu&quot;,&quot;properties&quot;:{&quot;id&quot;:&quot;0AB359F9991F4FB1AC1D569819FDE45F&quot;,&quot;customId&quot;:&quot;&quot;,&quot;label&quot;:&quot;My Inbox 2&quot;,&quot;datalistId&quot;:&quot;claimList&quot;,&quot;appFilter&quot;:&quot;all&quot;,&quot;processId&quot;:&quot;&quot;,&quot;activityDefId&quot;:&quot;&quot;,&quot;rowCount&quot;:&quot;true&quot;,&quot;list-customHeader&quot;:&quot;&quot;,&quot;list-customFooter&quot;:&quot;&quot;,&quot;assignment-customHeader&quot;:&quot;&quot;,&quot;assignment-customFooter&quot;:&quot;&quot;}},{&quot;className&quot;:&quot;org.joget.apps.userview.lib.DataListMenu&quot;,&quot;properties&quot;:{&quot;id&quot;:&quot;54D15D0F4E004E4489B2649B82273DAD&quot;,&quot;customId&quot;:&quot;&quot;,&quot;label&quot;:&quot;List My Claims&quot;,&quot;datalistId&quot;:&quot;claimListByUser&quot;,&quot;rowCount&quot;:&quot;&quot;,&quot;buttonPosition&quot;:&quot;bottomLeft&quot;,&quot;checkboxPosition&quot;:&quot;left&quot;,&quot;customHeader&quot;:&quot;&quot;,&quot;customFooter&quot;:&quot;&quot;,&quot;keyName&quot;:&quot;&quot;}}]},{&quot;className&quot;:&quot;org.joget.apps.userview.model.UserviewCategory&quot;,&quot;properties&quot;:{&quot;id&quot;:&quot;category-EFD884FA3BE84987A48BAC31F70304A5&quot;,&quot;label&quot;:&quot;Manager&quot;},&quot;menus&quot;:[{&quot;className&quot;:&quot;org.joget.apps.userview.lib.DataListMenu&quot;,&quot;properties&quot;:{&quot;id&quot;:&quot;68B3660CDCB0479285CDA2357FC8C866&quot;,&quot;customId&quot;:&quot;&quot;,&quot;label&quot;:&quot;List All Claims&quot;,&quot;datalistId&quot;:&quot;claimList&quot;,&quot;rowCount&quot;:&quot;&quot;,&quot;buttonPosition&quot;:&quot;bottomLeft&quot;,&quot;checkboxPosition&quot;:&quot;left&quot;,&quot;customHeader&quot;:&quot;&quot;,&quot;customFooter&quot;:&quot;&quot;,&quot;keyName&quot;:&quot;&quot;}},{&quot;className&quot;:&quot;org.joget.plugin.enterprise.CrudMenu&quot;,&quot;properties&quot;:{&quot;id&quot;:&quot;4AA8CD2FD0584690A34AF9893B69BB45&quot;,&quot;customId&quot;:&quot;&quot;,&quot;label&quot;:&quot;List All Claims 2&quot;,&quot;datalistId&quot;:&quot;claimList&quot;,&quot;addFormId&quot;:&quot;submit_claim&quot;,&quot;editFormId&quot;:&quot;submit_claim&quot;,&quot;rowCount&quot;:&quot;true&quot;,&quot;buttonPosition&quot;:&quot;bottomLeft&quot;,&quot;checkboxPosition&quot;:&quot;left&quot;,&quot;list-editLinkLabel&quot;:&quot;&quot;,&quot;list-newButtonLabel&quot;:&quot;&quot;,&quot;list-deleteButtonLabel&quot;:&quot;&quot;,&quot;list-showDeleteButton&quot;:&quot;yes&quot;,&quot;list-customHeader&quot;:&quot;&quot;,&quot;list-customFooter&quot;:&quot;&quot;,&quot;list-moreActions&quot;:[],&quot;add-cancelButtonLabel&quot;:&quot;&quot;,&quot;add-saveButtonLabel&quot;:&quot;&quot;,&quot;add-customHeader&quot;:&quot;&quot;,&quot;add-customFooter&quot;:&quot;&quot;,&quot;add-messageShowAfterComplete&quot;:&quot;&quot;,&quot;add-afterSaved&quot;:&quot;list&quot;,&quot;add-afterSavedRedirectUrl&quot;:&quot;&quot;,&quot;add-afterSavedRedirectParamName&quot;:&quot;&quot;,&quot;add-afterSavedRedirectParamvalue&quot;:&quot;&quot;,&quot;edit-readonly&quot;:&quot;&quot;,&quot;edit-backButtonLabel&quot;:&quot;&quot;,&quot;edit-saveButtonLabel&quot;:&quot;&quot;,&quot;edit-allowRecordTraveling&quot;:&quot;&quot;,&quot;edit-firstButtonLabel&quot;:&quot;&quot;,&quot;edit-prevButtonLabel&quot;:&quot;&quot;,&quot;edit-nextButtonLabel&quot;:&quot;&quot;,&quot;edit-lastButtonLabel&quot;:&quot;&quot;,&quot;edit-customHeader&quot;:&quot;&quot;,&quot;edit-customFooter&quot;:&quot;&quot;,&quot;edit-messageShowAfterComplete&quot;:&quot;&quot;,&quot;edit-afterSaved&quot;:&quot;list&quot;,&quot;edit-afterSavedRedirectUrl&quot;:&quot;&quot;,&quot;edit-afterSavedRedirectParamName&quot;:&quot;&quot;,&quot;edit-afterSavedRedirectParamvalue&quot;:&quot;&quot;,&quot;edit-moreActions&quot;:[],&quot;keyName&quot;:&quot;&quot;}}]},{&quot;className&quot;:&quot;org.joget.apps.userview.model.UserviewCategory&quot;,&quot;properties&quot;:{&quot;id&quot;:&quot;category-3DFDFF6654554E42AFAAF7B9E3862FD0&quot;,&quot;label&quot;:&quot;New Category&quot;,&quot;hide&quot;:&quot;yes&quot;,&quot;permission&quot;:{&quot;className&quot;:&quot;&quot;,&quot;properties&quot;:{}}},&quot;menus&quot;:[{&quot;className&quot;:&quot;org.joget.apps.userview.lib.FormMenu&quot;,&quot;properties&quot;:{&quot;id&quot;:&quot;C3B8813AEE3F40F397E88F4940DAB4A1&quot;,&quot;customId&quot;:&quot;submitClaimForm&quot;,&quot;label&quot;:&quot;Submit Claim Form&quot;,&quot;formId&quot;:&quot;submit_claim&quot;,&quot;showInPopupDialog&quot;:&quot;&quot;,&quot;readonly&quot;:&quot;Yes&quot;,&quot;messageShowAfterComplete&quot;:&quot;&quot;,&quot;redirectUrlAfterComplete&quot;:&quot;&quot;,&quot;redirectUrlOnCancel&quot;:&quot;&quot;,&quot;fieldPassover&quot;:&quot;&quot;,&quot;fieldPassoverMethod&quot;:&quot;append&quot;,&quot;paramName&quot;:&quot;&quot;,&quot;submitButtonLabel&quot;:&quot;&quot;,&quot;cancelButtonLabel&quot;:&quot;&quot;,&quot;customHeader&quot;:&quot;&quot;,&quot;customFooter&quot;:&quot;&quot;,&quot;keyName&quot;:&quot;&quot;,&quot;loadDataWithKey&quot;:&quot;&quot;}}]}]}</json>
         <dateCreated class="java.sql.Timestamp">2012-08-31 08:29:09.0 GMT</dateCreated>
         <dateModified class="java.sql.Timestamp">2012-08-31 08:48:34.0 GMT</dateModified>
      </userviewDefinition>
   </userviewDefinitionList>
   <datalistDefinitionList class="java.util.ArrayList">
      <datalistDefinition>
         <id>claimList</id>
         <appId>claimApp</appId>
         <appVersion>1</appVersion>
         <name>Claim List</name>
         <description>Claim List</description>
         <json>{&quot;id&quot;:&quot;claimList&quot;,&quot;name&quot;:&quot;Claim List&quot;,&quot;pageSize&quot;:&quot;10&quot;,&quot;order&quot;:&quot;&quot;,&quot;orderBy&quot;:&quot;&quot;,&quot;showPageSizeSelector&quot;:&quot;true&quot;,&quot;pageSizeSelectorOptions&quot;:&quot;10,20,30,40,50,100&quot;,&quot;buttonPosition&quot;:&quot;bottomLeft&quot;,&quot;checkboxPosition&quot;:&quot;left&quot;,&quot;useSession&quot;:&quot;false&quot;,&quot;actions&quot;:[],&quot;rowActions&quot;:[{&quot;name&quot;:&quot;Data List Hyperlink Action&quot;,&quot;className&quot;:&quot;org.joget.apps.datalist.lib.HyperlinkDataListAction&quot;,&quot;label&quot;:&quot;Hyperlink&quot;,&quot;type&quot;:&quot;text&quot;,&quot;id&quot;:&quot;rowAction_0&quot;,&quot;properties&quot;:{&quot;href&quot;:&quot;submitClaimForm&quot;,&quot;target&quot;:&quot;_self&quot;,&quot;hrefParam&quot;:&quot;id&quot;,&quot;hrefColumn&quot;:&quot;id&quot;,&quot;label&quot;:&quot;View&quot;,&quot;confirmation&quot;:&quot;&quot;,&quot;visible&quot;:&quot;&quot;}}],&quot;filters&quot;:[],&quot;binder&quot;:{&quot;className&quot;:&quot;org.joget.apps.datalist.lib.FormRowDataListBinder&quot;,&quot;properties&quot;:{&quot;formDefId&quot;:&quot;verify_claim&quot;,&quot;extraCondition&quot;:&quot;&quot;}},&quot;columns&quot;:[{&quot;id&quot;:&quot;column_0&quot;,&quot;label&quot;:&quot;Reference No&quot;,&quot;name&quot;:&quot;reference_no&quot;},{&quot;id&quot;:&quot;column_1&quot;,&quot;label&quot;:&quot;Name&quot;,&quot;name&quot;:&quot;name&quot;},{&quot;id&quot;:&quot;column_2&quot;,&quot;label&quot;:&quot;Title&quot;,&quot;name&quot;:&quot;title&quot;},{&quot;id&quot;:&quot;column_3&quot;,&quot;label&quot;:&quot;Total&quot;,&quot;name&quot;:&quot;total&quot;},{&quot;id&quot;:&quot;column_4&quot;,&quot;label&quot;:&quot;Date Created&quot;,&quot;name&quot;:&quot;dateCreated&quot;}]}</json>
         <dateCreated class="java.sql.Timestamp">2012-08-31 08:15:14.0 GMT</dateCreated>
         <dateModified class="java.sql.Timestamp">2012-08-31 08:46:46.0 GMT</dateModified>
      </datalistDefinition>
      <datalistDefinition>
         <id>claimListByUser</id>
         <appId>claimApp</appId>
         <appVersion>1</appVersion>
         <name>Claim List by User</name>
         <description>Claim List by User</description>
         <json>{&quot;id&quot;:&quot;claimListByUser&quot;,&quot;name&quot;:&quot;Claim List by User&quot;,&quot;pageSize&quot;:&quot;10&quot;,&quot;order&quot;:&quot;&quot;,&quot;orderBy&quot;:&quot;&quot;,&quot;showPageSizeSelector&quot;:&quot;true&quot;,&quot;pageSizeSelectorOptions&quot;:&quot;10,20,30,40,50,100&quot;,&quot;buttonPosition&quot;:&quot;bottomLeft&quot;,&quot;checkboxPosition&quot;:&quot;left&quot;,&quot;useSession&quot;:&quot;false&quot;,&quot;actions&quot;:[],&quot;rowActions&quot;:[],&quot;filters&quot;:[{&quot;id&quot;:&quot;filter_0&quot;,&quot;name&quot;:&quot;approval_status&quot;,&quot;label&quot;:&quot;Approval&quot;,&quot;type&quot;:{&quot;className&quot;:&quot;org.joget.apps.datalist.lib.TextFieldDataListFilterType&quot;,&quot;properties&quot;:{}}}],&quot;binder&quot;:{&quot;className&quot;:&quot;org.joget.apps.datalist.lib.FormRowDataListBinder&quot;,&quot;properties&quot;:{&quot;formDefId&quot;:&quot;verify_claim&quot;,&quot;extraCondition&quot;:&quot;e.customProperties.name = &apos;#currentUser.firstName# #currentUser.lastName#&apos;&quot;}},&quot;columns&quot;:[{&quot;id&quot;:&quot;column_0&quot;,&quot;label&quot;:&quot;Reference No&quot;,&quot;name&quot;:&quot;reference_no&quot;},{&quot;id&quot;:&quot;column_3&quot;,&quot;label&quot;:&quot;Title&quot;,&quot;name&quot;:&quot;title&quot;},{&quot;id&quot;:&quot;column_1&quot;,&quot;label&quot;:&quot;Total&quot;,&quot;name&quot;:&quot;total&quot;},{&quot;id&quot;:&quot;column_2&quot;,&quot;label&quot;:&quot;Date Created&quot;,&quot;name&quot;:&quot;dateCreated&quot;},{&quot;id&quot;:&quot;column_4&quot;,&quot;label&quot;:&quot;Approval&quot;,&quot;name&quot;:&quot;approval_status&quot;},{&quot;id&quot;:&quot;column_5&quot;,&quot;label&quot;:&quot;Verification&quot;,&quot;name&quot;:&quot;verification_status&quot;}]}</json>
         <dateCreated class="java.sql.Timestamp">2012-08-31 08:18:24.0 GMT</dateCreated>
         <dateModified class="java.sql.Timestamp">2012-08-31 08:27:37.0 GMT</dateModified>
      </datalistDefinition>
   </datalistDefinitionList>
   <pluginDefaultPropertiesList class="java.util.ArrayList"/>
   <environmentVariableList class="java.util.ArrayList">
      <environmentVariable>
         <id>counter</id>
         <appId>claimApp</appId>
         <appVersion>1</appVersion>
         <value>5</value>
         <remarks>Used for plugin: Id Generator Field</remarks>
      </environmentVariable>
   </environmentVariableList>
   <messageList class="java.util.ArrayList"/>
   <license>0cEHFttwN/CnX2Szk+QKqgXlDfqP4ER5iPszUxRvNy4Aol+2nmnn8Q==</license>
</appDefinition>